"1Name","email"
"2abc","abc@email.com"
"3def","def@email.com"
"4abc-no","abc@email.com"
"5def-no","def@email.com"
"6abc-no","abc@email.com"
"7def-no","def@email.com"
"8abc-no","abc@email.com"
"9def-no","def@email.com"
"1Name","email"
"2abc","abc@email.com"
"3def","def@email.com"
"4abc-no","abc@email.com"
"5def-no","def@email.com"
"6abc-no","abc@email.com"
"7def-no","def@email.com"
"8abc-no","abc@email.com"
"9def-no","def@email.com"
"1Name","email"
"2abc","abc@email.com"
"3def","def@email.com"
"4abc-no","abc@email.com"
"5def-no","def@email.com"
"6abc-no","abc@email.com"
"7def-no","def@email.com"
"8abc-no","abc@email.com"
"9def-no","def@email.com"
"1Name","email"
"2abc","abc@email.com"
"3def","def@email.com"
"4abc-no","abc@email.com"
"5def-no","def@email.com"
"6abc-no","abc@email.com"
"7def-no","def@email.com"
"8abc-no","abc@email.com"
"9def-no","def@email.com"
"1Name","email"
"2abc","abc@email.com"
"3def","def@email.com"
"4abc-no","abc@email.com"
"5def-no","def@email.com"
"6abc-no","abc@email.com"
"7def-no","def@email.com"
"8abc-no","abc@email.com"
"9def-no","def@email.com"
"1Name","email"
"2abc","abc@email.com"
"3def","def@email.com"
"4abc-no","abc@email.com"
"5def-no","def@email.com"
"6abc-no","abc@email.com"
"7def-no","def@email.com"
"8abc-no","abc@email.com"
"9def-no","def@email.com"
"1Name","email"
"2abc","abc@email.com"
"3def","def@email.com"
"4abc-no","abc@email.com"
"5def-no","def@email.com"
"6abc-no","abc@email.com"
"7def-no","def@email.com"
"8abc-no","abc@email.com"
"9def-no","def@email.com"
"1Name","email"
"2abc","abc@email.com"
"3def","def@email.com"
"4abc-no","abc@email.com"
"5def-no","def@email.com"
"6abc-no","abc@email.com"
"7def-no","def@email.com"
"8abc-no","abc@email.com"
"9def-no","def@email.com"
"1Name","email"
"2abc","abc@email.com"
"3def","def@email.com"
"4abc-no","abc@email.com"
"5def-no","def@email.com"
"6abc-no","abc@email.com"
"7def-no","def@email.com"
"8abc-no","abc@email.com"
"9def-no","def@email.com"
"1Name","email"
"2abc","abc@email.com"
"3def","def@email.com"
"4abc-no","abc@email.com"
"5def-no","def@email.com"
"6abc-no","abc@email.com"
"7def-no","def@email.com"
"8abc-no","abc@email.com"
"9def-no","def@email.com"
"1Name","email"
"2abc","abc@email.com"
"3def","def@email.com"
"4abc-no","abc@email.com"
"5def-no","def@email.com"
"6abc-no","abc@email.com"
"7def-no","def@email.com"
"8abc-no","abc@email.com"
"9def-no","def@email.com"
"1Name","email"
"2abc","abc@email.com"
"3def","def@email.com"
"4abc-no","abc@email.com"
"5def-no","def@email.com"
"6abc-no","abc@email.com"
"7def-no","def@email.com"
"8abc-no","abc@email.com"
"9def-no","def@email.com"
"1Name","email"
"2abc","abc@email.com"
"3def","def@email.com"
"4abc-no","abc@email.com"
"5def-no","def@email.com"
"6abc-no","abc@email.com"
"7def-no","def@email.com"
"8abc-no","abc@email.com"
"9def-no","def@email.com"
"1Name","email"
"2abc","abc@email.com"
"3def","def@email.com"
"4abc-no","abc@email.com"
"5def-no","def@email.com"
"6abc-no","abc@email.com"
"7def-no","def@email.com"
"8abc-no","abc@email.com"
"9def-no","def@email.com"
"1Name","email"
"2abc","abc@email.com"
"3def","def@email.com"
"4abc-no","abc@email.com"
"5def-no","def@email.com"
"6abc-no","abc@email.com"
"7def-no","def@email.com"
"8abc-no","abc@email.com"
"9def-no","def@email.com"
"1Name","email"
"2abc","abc@email.com"
"3def","def@email.com"
"4abc-no","abc@email.com"
"5def-no","def@email.com"
"6abc-no","abc@email.com"
"7def-no","def@email.com"
"8abc-no","abc@email.com"
"9def-no","def@email.com"
"1Name","email"
"2abc","abc@email.com"
"3def","def@email.com"
"4abc-no","abc@email.com"
"5def-no","def@email.com"
"6abc-no","abc@email.com"
"7def-no","def@email.com"
"8abc-no","abc@email.com"
"9def-no","def@email.com"
"1Name","email"
"2abc","abc@email.com"
"3def","def@email.com"
"4abc-no","abc@email.com"
"5def-no","def@email.com"
"6abc-no","abc@email.com"
"7def-no","def@email.com"
"8abc-no","abc@email.com"
"9def-no","def@email.com"
"1Name","email"
"2abc","abc@email.com"
"3def","def@email.com"
"4abc-no","abc@email.com"
"5def-no","def@email.com"
"6abc-no","abc@email.com"
"7def-no","def@email.com"
"8abc-no","abc@email.com"
"9def-no","def@email.com"
"1Name","email"
"2abc","abc@email.com"
"3def","def@email.com"
"4abc-no","abc@email.com"
"5def-no","def@email.com"
"6abc-no","abc@email.com"
"7def-no","def@email.com"
"8abc-no","abc@email.com"
"9def-no","def@email.com"
"1Name","email"
"2abc","abc@email.com"
"3def","def@email.com"
"4abc-no","abc@email.com"
"5def-no","def@email.com"
"6abc-no","abc@email.com"
"7def-no","def@email.com"
"8abc-no","abc@email.com"
"9def-no","def@email.com"
"1Name","email"
"2abc","abc@email.com"
"3def","def@email.com"
"4abc-no","abc@email.com"
"5def-no","def@email.com"
"6abc-no","abc@email.com"
"7def-no","def@email.com"
"8abc-no","abc@email.com"
"9def-no","def@email.com"
"1Name","email"
"2abc","abc@email.com"
"3def","def@email.com"
"4abc-no","abc@email.com"
"5def-no","def@email.com"
"6abc-no","abc@email.com"
"7def-no","def@email.com"
"8abc-no","abc@email.com"
"9def-no","def@email.com"
"1Name","email"
"2abc","abc@email.com"
"3def","def@email.com"
"4abc-no","abc@email.com"
"5def-no","def@email.com"
"6abc-no","abc@email.com"
"7def-no","def@email.com"
"8abc-no","abc@email.com"
"9def-no","def@email.com"
"1Name","email"
"2abc","abc@email.com"
"3def","def@email.com"
"4abc-no","abc@email.com"
"5def-no","def@email.com"
"6abc-no","abc@email.com"
"7def-no","def@email.com"
"8abc-no","abc@email.com"
"9def-no","def@email.com"
"1Name","email"
"2abc","abc@email.com"
"3def","def@email.com"
"4abc-no","abc@email.com"
"5def-no","def@email.com"
"6abc-no","abc@email.com"
"7def-no","def@email.com"
"8abc-no","abc@email.com"
"9def-no","def@email.com"
"1Name","email"
"2abc","abc@email.com"
"3def","def@email.com"
"4abc-no","abc@email.com"
"5def-no","def@email.com"
"6abc-no","abc@email.com"
"7def-no","def@email.com"
"8abc-no","abc@email.com"
"9def-no","def@email.com"
"1Name","email"
"2abc","abc@email.com"
"3def","def@email.com"
"4abc-no","abc@email.com"
"5def-no","def@email.com"
"6abc-no","abc@email.com"
"7def-no","def@email.com"
"8abc-no","abc@email.com"
"9def-no","def@email.com"
"1Name","email"
"2abc","abc@email.com"
"3def","def@email.com"
"4abc-no","abc@email.com"
"5def-no","def@email.com"
"6abc-no","abc@email.com"
"7def-no","def@email.com"
"8abc-no","abc@email.com"
"9def-no","def@email.com"
"1Name","email"
"2abc","abc@email.com"
"3def","def@email.com"
"4abc-no","abc@email.com"
"5def-no","def@email.com"
"6abc-no","abc@email.com"
"7def-no","def@email.com"
"8abc-no","abc@email.com"
"9def-no","def@email.com"
"1Name","email"
"2abc","abc@email.com"
"3def","def@email.com"
"4abc-no","abc@email.com"
"5def-no","def@email.com"
"6abc-no","abc@email.com"
"7def-no","def@email.com"
"8abc-no","abc@email.com"
"9def-no","def@email.com"
"1Name","email"
"2abc","abc@email.com"
"3def","def@email.com"
"4abc-no","abc@email.com"
"5def-no","def@email.com"
"6abc-no","abc@email.com"
"7def-no","def@email.com"
"8abc-no","abc@email.com"
"9def-no","def@email.com"
"1Name","email"
"2abc","abc@email.com"
"3def","def@email.com"
"4abc-no","abc@email.com"
"5def-no","def@email.com"
"6abc-no","abc@email.com"
"7def-no","def@email.com"
"8abc-no","abc@email.com"
"9def-no","def@email.com"
"1Name","email"
"2abc","abc@email.com"
"3def","def@email.com"
"4abc-no","abc@email.com"
"5def-no","def@email.com"
"6abc-no","abc@email.com"
"7def-no","def@email.com"
"8abc-no","abc@email.com"
"9def-no","def@email.com"
"1Name","email"
"2abc","abc@email.com"
"3def","def@email.com"
"4abc-no","abc@email.com"
"5def-no","def@email.com"
"6abc-no","abc@email.com"
"7def-no","def@email.com"
"8abc-no","abc@email.com"
"9def-no","def@email.com"
"1Name","email"
"2abc","abc@email.com"
"3def","def@email.com"
"4abc-no","abc@email.com"
"5def-no","def@email.com"
"6abc-no","abc@email.com"
"7def-no","def@email.com"
"8abc-no","abc@email.com"
"9def-no","def@email.com"
"1Name","email"
"2abc","abc@email.com"
"3def","def@email.com"
"4abc-no","abc@email.com"
"5def-no","def@email.com"
"6abc-no","abc@email.com"
"7def-no","def@email.com"
"8abc-no","abc@email.com"
"9def-no","def@email.com"
"1Name","email"
"2abc","abc@email.com"
"3def","def@email.com"
"4abc-no","abc@email.com"
"5def-no","def@email.com"
"6abc-no","abc@email.com"
"7def-no","def@email.com"
"8abc-no","abc@email.com"
"9def-no","def@email.com"
"1Name","email"
"2abc","abc@email.com"
"3def","def@email.com"
"4abc-no","abc@email.com"
"5def-no","def@email.com"
"6abc-no","abc@email.com"
"7def-no","def@email.com"
"8abc-no","abc@email.com"
"9def-no","def@email.com"
"1Name","email"
"2abc","abc@email.com"
"3def","def@email.com"
"4abc-no","abc@email.com"
"5def-no","def@email.com"
"6abc-no","abc@email.com"
"7def-no","def@email.com"
"8abc-no","abc@email.com"
"9def-no","def@email.com"
"1Name","email"
"2abc","abc@email.com"
"3def","def@email.com"
"4abc-no","abc@email.com"
"5def-no","def@email.com"
"6abc-no","abc@email.com"
"7def-no","def@email.com"
"8abc-no","abc@email.com"
"9def-no","def@email.com"
"1Name","email"
"2abc","abc@email.com"
"3def","def@email.com"
"4abc-no","abc@email.com"
"5def-no","def@email.com"
"6abc-no","abc@email.com"
"7def-no","def@email.com"
"8abc-no","abc@email.com"
"9def-no","def@email.com"
"1Name","email"
"2abc","abc@email.com"
"3def","def@email.com"
"4abc-no","abc@email.com"
"5def-no","def@email.com"
"6abc-no","abc@email.com"
"7def-no","def@email.com"
"8abc-no","abc@email.com"
"9def-no","def@email.com"
"1Name","email"
"2abc","abc@email.com"
"3def","def@email.com"
"4abc-no","abc@email.com"
"5def-no","def@email.com"
"6abc-no","abc@email.com"
"7def-no","def@email.com"
"8abc-no","abc@email.com"
"9def-no","def@email.com"
"1Name","email"
"2abc","abc@email.com"
"3def","def@email.com"
"4abc-no","abc@email.com"
"5def-no","def@email.com"
"6abc-no","abc@email.com"
"7def-no","def@email.com"
"8abc-no","abc@email.com"
"9def-no","def@email.com"
"1Name","email"
"2abc","abc@email.com"
"3def","def@email.com"
"4abc-no","abc@email.com"
"5def-no","def@email.com"
"6abc-no","abc@email.com"
"7def-no","def@email.com"
"8abc-no","abc@email.com"
"9def-no","def@email.com"
"1Name","email"
"2abc","abc@email.com"
"3def","def@email.com"
"4abc-no","abc@email.com"
"5def-no","def@email.com"
"6abc-no","abc@email.com"
"7def-no","def@email.com"
"8abc-no","abc@email.com"
"9def-no","def@email.com"
"1Name","email"
"2abc","abc@email.com"
"3def","def@email.com"
"4abc-no","abc@email.com"
"5def-no","def@email.com"
"6abc-no","abc@email.com"
"7def-no","def@email.com"
"8abc-no","abc@email.com"
"9def-no","def@email.com"
"1Name","email"
"2abc","abc@email.com"
"3def","def@email.com"
"4abc-no","abc@email.com"
"5def-no","def@email.com"
"6abc-no","abc@email.com"
"7def-no","def@email.com"
"8abc-no","abc@email.com"
"9def-no","def@email.com"
"1Name","email"
"2abc","abc@email.com"
"3def","def@email.com"
"4abc-no","abc@email.com"
"5def-no","def@email.com"
"6abc-no","abc@email.com"
"7def-no","def@email.com"
"8abc-no","abc@email.com"
"9def-no","def@email.com"
"1Name","email"
"2abc","abc@email.com"
"3def","def@email.com"
"4abc-no","abc@email.com"
"5def-no","def@email.com"
"6abc-no","abc@email.com"
"7def-no","def@email.com"
"8abc-no","abc@email.com"
"9def-no","def@email.com"
"1Name","email"
"2abc","abc@email.com"
"3def","def@email.com"
"4abc-no","abc@email.com"
"5def-no","def@email.com"
"6abc-no","abc@email.com"
"7def-no","def@email.com"
"8abc-no","abc@email.com"
"9def-no","def@email.com"
"1Name","email"
"2abc","abc@email.com"
"3def","def@email.com"
"4abc-no","abc@email.com"
"5def-no","def@email.com"
"6abc-no","abc@email.com"
"7def-no","def@email.com"
"8abc-no","abc@email.com"
"9def-no","def@email.com"
"1Name","email"
"2abc","abc@email.com"
"3def","def@email.com"
"4abc-no","abc@email.com"
"5def-no","def@email.com"
"6abc-no","abc@email.com"
"7def-no","def@email.com"
"8abc-no","abc@email.com"
"9def-no","def@email.com"
"1Name","email"
"2abc","abc@email.com"
"3def","def@email.com"
"4abc-no","abc@email.com"
"5def-no","def@email.com"
"6abc-no","abc@email.com"
"7def-no","def@email.com"
"8abc-no","abc@email.com"
"9def-no","def@email.com"
"1Name","email"
"2abc","abc@email.com"
"3def","def@email.com"
"4abc-no","abc@email.com"
"5def-no","def@email.com"
"6abc-no","abc@email.com"
"7def-no","def@email.com"
"8abc-no","abc@email.com"
"9def-no","def@email.com"
"1Name","email"
"2abc","abc@email.com"
"3def","def@email.com"
"4abc-no","abc@email.com"
"5def-no","def@email.com"
"6abc-no","abc@email.com"
"7def-no","def@email.com"
"8abc-no","abc@email.com"
"9def-no","def@email.com"
"1Name","email"
"2abc","abc@email.com"
"3def","def@email.com"
"4abc-no","abc@email.com"
"5def-no","def@email.com"
"6abc-no","abc@email.com"
"7def-no","def@email.com"
"8abc-no","abc@email.com"
"9def-no","def@email.com"
"1Name","email"
"2abc","abc@email.com"
"3def","def@email.com"
"4abc-no","abc@email.com"
"5def-no","def@email.com"
"6abc-no","abc@email.com"
"7def-no","def@email.com"
"8abc-no","abc@email.com"
"9def-no","def@email.com"
"1Name","email"
"2abc","abc@email.com"
"3def","def@email.com"
"4abc-no","abc@email.com"
"5def-no","def@email.com"
"6abc-no","abc@email.com"
"7def-no","def@email.com"
"8abc-no","abc@email.com"
"9def-no","def@email.com"
"1Name","email"
"2abc","abc@email.com"
"3def","def@email.com"
"4abc-no","abc@email.com"
"5def-no","def@email.com"
"6abc-no","abc@email.com"
"7def-no","def@email.com"
"8abc-no","abc@email.com"
"9def-no","def@email.com"
"1Name","email"
"2abc","abc@email.com"
"3def","def@email.com"
"4abc-no","abc@email.com"
"5def-no","def@email.com"
"6abc-no","abc@email.com"
"7def-no","def@email.com"
"8abc-no","abc@email.com"
"9def-no","def@email.com"
"1Name","email"
"2abc","abc@email.com"
"3def","def@email.com"
"4abc-no","abc@email.com"
"5def-no","def@email.com"
"6abc-no","abc@email.com"
"7def-no","def@email.com"
"8abc-no","abc@email.com"
"9def-no","def@email.com"
"1Name","email"
"2abc","abc@email.com"
"3def","def@email.com"
"4abc-no","abc@email.com"
"5def-no","def@email.com"
"6abc-no","abc@email.com"
"7def-no","def@email.com"
"8abc-no","abc@email.com"
"9def-no","def@email.com"
"1Name","email"
"2abc","abc@email.com"
"3def","def@email.com"
"4abc-no","abc@email.com"
"5def-no","def@email.com"
"6abc-no","abc@email.com"
"7def-no","def@email.com"
"8abc-no","abc@email.com"
"9def-no","def@email.com"
"1Name","email"
"2abc","abc@email.com"
"3def","def@email.com"
"4abc-no","abc@email.com"
"5def-no","def@email.com"
"6abc-no","abc@email.com"
"7def-no","def@email.com"
"8abc-no","abc@email.com"
"9def-no","def@email.com"
"1Name","email"
"2abc","abc@email.com"
"3def","def@email.com"
"4abc-no","abc@email.com"
"5def-no","def@email.com"
"6abc-no","abc@email.com"
"7def-no","def@email.com"
"8abc-no","abc@email.com"
"9def-no","def@email.com"
"1Name","email"
"2abc","abc@email.com"
"3def","def@email.com"
"4abc-no","abc@email.com"
"5def-no","def@email.com"
"6abc-no","abc@email.com"
"7def-no","def@email.com"
"8abc-no","abc@email.com"
"9def-no","def@email.com"
"1Name","email"
"2abc","abc@email.com"
"3def","def@email.com"
"4abc-no","abc@email.com"
"5def-no","def@email.com"
"6abc-no","abc@email.com"
"7def-no","def@email.com"
"8abc-no","abc@email.com"
"9def-no","def@email.com"
"1Name","email"
"2abc","abc@email.com"
"3def","def@email.com"
"4abc-no","abc@email.com"
"5def-no","def@email.com"
"6abc-no","abc@email.com"
"7def-no","def@email.com"
"8abc-no","abc@email.com"
"9def-no","def@email.com"
"1Name","email"
"2abc","abc@email.com"
"3def","def@email.com"
"4abc-no","abc@email.com"
"5def-no","def@email.com"
"6abc-no","abc@email.com"
"7def-no","def@email.com"
"8abc-no","abc@email.com"
"9def-no","def@email.com"
"1Name","email"
"2abc","abc@email.com"
"3def","def@email.com"
"4abc-no","abc@email.com"
"5def-no","def@email.com"
"6abc-no","abc@email.com"
"7def-no","def@email.com"
"8abc-no","abc@email.com"
"9def-no","def@email.com"
"1Name","email"
"2abc","abc@email.com"
"3def","def@email.com"
"4abc-no","abc@email.com"
"5def-no","def@email.com"
"6abc-no","abc@email.com"
"7def-no","def@email.com"
"8abc-no","abc@email.com"
"9def-no","def@email.com"
"1Name","email"
"2abc","abc@email.com"
"3def","def@email.com"
"4abc-no","abc@email.com"
"5def-no","def@email.com"
"6abc-no","abc@email.com"
"7def-no","def@email.com"
"8abc-no","abc@email.com"
"9def-no","def@email.com"
"1Name","email"
"2abc","abc@email.com"
"3def","def@email.com"
"4abc-no","abc@email.com"
"5def-no","def@email.com"
"6abc-no","abc@email.com"
"7def-no","def@email.com"
"8abc-no","abc@email.com"
"9def-no","def@email.com"
"1Name","email"
"2abc","abc@email.com"
"3def","def@email.com"
"4abc-no","abc@email.com"
"5def-no","def@email.com"
"6abc-no","abc@email.com"
"7def-no","def@email.com"
"8abc-no","abc@email.com"
"9def-no","def@email.com"
"1Name","email"
"2abc","abc@email.com"
"3def","def@email.com"
"4abc-no","abc@email.com"
"5def-no","def@email.com"
"6abc-no","abc@email.com"
"7def-no","def@email.com"
"8abc-no","abc@email.com"
"9def-no","def@email.com"
"1Name","email"
"2abc","abc@email.com"
"3def","def@email.com"
"4abc-no","abc@email.com"
"5def-no","def@email.com"
"6abc-no","abc@email.com"
"7def-no","def@email.com"
"8abc-no","abc@email.com"
"9def-no","def@email.com"
"1Name","email"
"2abc","abc@email.com"
"3def","def@email.com"
"4abc-no","abc@email.com"
"5def-no","def@email.com"
"6abc-no","abc@email.com"
"7def-no","def@email.com"
"8abc-no","abc@email.com"
"9def-no","def@email.com"
"1Name","email"
"2abc","abc@email.com"
"3def","def@email.com"
"4abc-no","abc@email.com"
"5def-no","def@email.com"
"6abc-no","abc@email.com"
"7def-no","def@email.com"
"8abc-no","abc@email.com"
"9def-no","def@email.com"
"1Name","email"
"2abc","abc@email.com"
"3def","def@email.com"
"4abc-no","abc@email.com"
"5def-no","def@email.com"
"6abc-no","abc@email.com"
"7def-no","def@email.com"
"8abc-no","abc@email.com"
"9def-no","def@email.com"
"1Name","email"
"2abc","abc@email.com"
"3def","def@email.com"
"4abc-no","abc@email.com"
"5def-no","def@email.com"
"6abc-no","abc@email.com"
"7def-no","def@email.com"
"8abc-no","abc@email.com"
"9def-no","def@email.com"
"1Name","email"
"2abc","abc@email.com"
"3def","def@email.com"
"4abc-no","abc@email.com"
"5def-no","def@email.com"
"6abc-no","abc@email.com"
"7def-no","def@email.com"
"8abc-no","abc@email.com"
"9def-no","def@email.com"
"1Name","email"
"2abc","abc@email.com"
"3def","def@email.com"
"4abc-no","abc@email.com"
"5def-no","def@email.com"
"6abc-no","abc@email.com"
"7def-no","def@email.com"
"8abc-no","abc@email.com"
"9def-no","def@email.com"
"1Name","email"
"2abc","abc@email.com"
"3def","def@email.com"
"4abc-no","abc@email.com"
"5def-no","def@email.com"
"6abc-no","abc@email.com"
"7def-no","def@email.com"
"8abc-no","abc@email.com"
"9def-no","def@email.com"
"1Name","email"
"2abc","abc@email.com"
"3def","def@email.com"
"4abc-no","abc@email.com"
"5def-no","def@email.com"
"6abc-no","abc@email.com"
"7def-no","def@email.com"
"8abc-no","abc@email.com"
"9def-no","def@email.com"
"1Name","email"
"2abc","abc@email.com"
"3def","def@email.com"
"4abc-no","abc@email.com"
"5def-no","def@email.com"
"6abc-no","abc@email.com"
"7def-no","def@email.com"
"8abc-no","abc@email.com"
"9def-no","def@email.com"
"1Name","email"
"2abc","abc@email.com"
"3def","def@email.com"
"4abc-no","abc@email.com"
"5def-no","def@email.com"
"6abc-no","abc@email.com"
"7def-no","def@email.com"
"8abc-no","abc@email.com"
"9def-no","def@email.com"
"1Name","email"
"2abc","abc@email.com"
"3def","def@email.com"
"4abc-no","abc@email.com"
"5def-no","def@email.com"
"6abc-no","abc@email.com"
"7def-no","def@email.com"
"8abc-no","abc@email.com"
"9def-no","def@email.com"
"1Name","email"
"2abc","abc@email.com"
"3def","def@email.com"
"4abc-no","abc@email.com"
"5def-no","def@email.com"
"6abc-no","abc@email.com"
"7def-no","def@email.com"
"8abc-no","abc@email.com"
"9def-no","def@email.com"
"1Name","email"
"2abc","abc@email.com"
"3def","def@email.com"
"4abc-no","abc@email.com"
"5def-no","def@email.com"
"6abc-no","abc@email.com"
"7def-no","def@email.com"
"8abc-no","abc@email.com"
"9def-no","def@email.com"
"1Name","email"
"2abc","abc@email.com"
"3def","def@email.com"
"4abc-no","abc@email.com"
"5def-no","def@email.com"
"6abc-no","abc@email.com"
"7def-no","def@email.com"
"8abc-no","abc@email.com"
"9def-no","def@email.com"
"1Name","email"
"2abc","abc@email.com"
"3def","def@email.com"
"4abc-no","abc@email.com"
"5def-no","def@email.com"
"6abc-no","abc@email.com"
"7def-no","def@email.com"
"8abc-no","abc@email.com"
"9def-no","def@email.com"
"1Name","email"
"2abc","abc@email.com"
"3def","def@email.com"
"4abc-no","abc@email.com"
"5def-no","def@email.com"
"6abc-no","abc@email.com"
"7def-no","def@email.com"
"8abc-no","abc@email.com"
"9def-no","def@email.com"
"1Name","email"
"2abc","abc@email.com"
"3def","def@email.com"
"4abc-no","abc@email.com"
"5def-no","def@email.com"
"6abc-no","abc@email.com"
"7def-no","def@email.com"
"8abc-no","abc@email.com"
"9def-no","def@email.com"
"1Name","email"
"2abc","abc@email.com"
"3def","def@email.com"
"4abc-no","abc@email.com"
"5def-no","def@email.com"
"6abc-no","abc@email.com"
"7def-no","def@email.com"
"8abc-no","abc@email.com"
"9def-no","def@email.com"
"1Name","email"
"2abc","abc@email.com"
"3def","def@email.com"
"4abc-no","abc@email.com"
"5def-no","def@email.com"
"6abc-no","abc@email.com"
"7def-no","def@email.com"
"8abc-no","abc@email.com"
"9def-no","def@email.com"
"1Name","email"
"2abc","abc@email.com"
"3def","def@email.com"
"4abc-no","abc@email.com"
"5def-no","def@email.com"
"6abc-no","abc@email.com"
"7def-no","def@email.com"
"8abc-no","abc@email.com"
"9def-no","def@email.com"
"1Name","email"
"2abc","abc@email.com"
"3def","def@email.com"
"4abc-no","abc@email.com"
"5def-no","def@email.com"
"6abc-no","abc@email.com"
"7def-no","def@email.com"
"8abc-no","abc@email.com"
"9def-no","def@email.com"
"1Name","email"
"2abc","abc@email.com"
"3def","def@email.com"
"4abc-no","abc@email.com"
"5def-no","def@email.com"
"6abc-no","abc@email.com"
"7def-no","def@email.com"
"8abc-no","abc@email.com"
"9def-no","def@email.com"
"1Name","email"
"2abc","abc@email.com"
"3def","def@email.com"
"4abc-no","abc@email.com"
"5def-no","def@email.com"
"6abc-no","abc@email.com"
"7def-no","def@email.com"
"8abc-no","abc@email.com"
"9def-no","def@email.com"
"1Name","email"
"2abc","abc@email.com"
"3def","def@email.com"
"4abc-no","abc@email.com"
"5def-no","def@email.com"
"6abc-no","abc@email.com"
"7def-no","def@email.com"
"8abc-no","abc@email.com"
"9def-no","def@email.com"
"1Name","email"
"2abc","abc@email.com"
"3def","def@email.com"
"4abc-no","abc@email.com"
"5def-no","def@email.com"
"6abc-no","abc@email.com"
"7def-no","def@email.com"
"8abc-no","abc@email.com"
"9def-no","def@email.com"
"1Name","email"
"2abc","abc@email.com"
"3def","def@email.com"
"4abc-no","abc@email.com"
"5def-no","def@email.com"
"6abc-no","abc@email.com"
"7def-no","def@email.com"
"8abc-no","abc@email.com"
"9def-no","def@email.com"
"1Name","email"
"2abc","abc@email.com"
"3def","def@email.com"
"4abc-no","abc@email.com"
"5def-no","def@email.com"
"6abc-no","abc@email.com"
"7def-no","def@email.com"
"8abc-no","abc@email.com"
"9def-no","def@email.com"
"1Name","email"
"2abc","abc@email.com"
"3def","def@email.com"
"4abc-no","abc@email.com"
"5def-no","def@email.com"
"6abc-no","abc@email.com"
"7def-no","def@email.com"
"8abc-no","abc@email.com"
"9def-no","def@email.com"
"1Name","email"
"2abc","abc@email.com"
"3def","def@email.com"
"4abc-no","abc@email.com"
"5def-no","def@email.com"
"6abc-no","abc@email.com"
"7def-no","def@email.com"
"8abc-no","abc@email.com"
"9def-no","def@email.com"
"1Name","email"
"2abc","abc@email.com"
"3def","def@email.com"
"4abc-no","abc@email.com"
"5def-no","def@email.com"
"6abc-no","abc@email.com"
"7def-no","def@email.com"
"8abc-no","abc@email.com"
"9def-no","def@email.com"
"1Name","email"
"2abc","abc@email.com"
"3def","def@email.com"
"4abc-no","abc@email.com"
"5def-no","def@email.com"
"6abc-no","abc@email.com"
"7def-no","def@email.com"
"8abc-no","abc@email.com"
"9def-no","def@email.com"
"1Name","email"
"2abc","abc@email.com"
"3def","def@email.com"
"4abc-no","abc@email.com"
"5def-no","def@email.com"
"6abc-no","abc@email.com"
"7def-no","def@email.com"
"8abc-no","abc@email.com"
"9def-no","def@email.com"
"1Name","email"
"2abc","abc@email.com"
"3def","def@email.com"
"4abc-no","abc@email.com"
"5def-no","def@email.com"
"6abc-no","abc@email.com"
"7def-no","def@email.com"
"8abc-no","abc@email.com"
"9def-no","def@email.com"